date,open,close,high,low,volume,amount,amplitude,pct,change,turnover
2025-02-27,1.002,1.004,1.004,0.997,3447684,345249520.614,0.70,0.10,0.001,2.53
2025-02-28,1.005,0.992,1.007,0.989,4079473,407375166.439,1.79,-1.20,-0.012,2.99
2025-03-03,0.992,0.988,0.997,0.983,2459161,243690220.742,1.41,-0.40,-0.004,1.80
2025-03-04,0.986,0.988,0.989,0.979,1403641,138171756.765,1.01,0.00,0.000,1.03
2025-03-05,0.988,0.986,0.99,0.98,1558155,153185225.998,1.01,-0.20,-0.002,1.14
2025-03-06,0.987,0.996,0.997,0.986,2343259,232738315.076,1.12,1.01,0.010,1.72
2025-03-07,0.996,0.997,1.001,0.992,1887871,188242252.368,0.90,0.10,0.001,1.38
2025-03-10,0.997,0.995,0.999,0.991,1329265,132212846.518,0.80,-0.20,-0.002,0.97
2025-03-11,0.993,0.996,0.996,0.986,1176111,116469226.471,1.01,0.10,0.001,0.86
2025-03-12,0.996,1.0,1.002,0.996,1462874,146114362.368,0.60,0.40,0.004,1.07
2025-03-13,1.0,0.999,1.001,0.992,1766021,175992474.451,0.90,-0.10,-0.001,1.30
2025-03-14,0.998,1.008,1.008,0.996,2172717,217982284.336,1.20,0.90,0.009,1.59
2025-03-17,1.01,1.012,1.013,1.008,1803552,182376984.59,0.50,0.40,0.004,1.32
2025-03-18,1.014,1.016,1.017,1.009,2591940,262411248.633,0.79,0.40,0.004,1.90
2025-03-19,1.017,1.016,1.018,1.01,3342947,338563146.741,0.79,0.00,0.000,2.45
2025-03-20,1.016,1.018,1.024,1.014,2697757,274797115.961,0.98,0.20,0.002,1.98
2025-03-21,1.018,1.019,1.03,1.014,4081429,417779182.784,1.57,0.10,0.001,2.99
2025-03-24,1.02,1.032,1.032,1.019,4286294,439053047.983,1.28,1.28,0.013,3.14
2025-03-25,1.03,1.032,1.039,1.028,5023974,519386454.573,1.07,0.00,0.000,3.68
2025-03-26,1.032,1.03,1.034,1.025,4160507,428466666.759,0.87,-0.19,-0.002,3.05
2025-03-27,1.029,1.023,1.029,1.02,4225083,432553540.587,0.87,-0.68,-0.007,3.10
2025-03-28,1.022,1.012,1.022,1.008,5017387,508386857.853,1.37,-1.08,-0.011,3.68
2025-03-31,1.011,1.006,1.014,1.0,4199797,422511682.575,1.38,-0.59,-0.006,3.08
2025-04-01,1.006,1.008,1.013,1.005,4035933,407645088.926,0.80,0.20,0.002,2.96
2025-04-02,1.009,1.003,1.011,1.001,3340930,336043458.051,0.99,-0.50,-0.005,2.45
2025-04-03,0.999,0.992,1.0,0.988,5984185,594672267.22,1.20,-1.10,-0.011,4.39
2025-04-07,0.949,0.898,0.95,0.893,6452670,591184847.312,5.75,-9.48,-0.094,4.73
2025-04-08,0.901,0.918,0.919,0.897,4604044,418064286.262,2.45,2.23,0.020,3.38
2025-04-09,0.905,0.921,0.926,0.886,4365158,396015701.298,4.36,0.33,0.003,3.20
2025-04-10,0.932,0.941,0.946,0.932,3740503,351805791.511,1.52,2.17,0.020,2.74
2025-04-11,0.937,0.939,0.942,0.932,3799892,356081038.497,1.06,-0.21,-0.002,2.79
2025-04-14,0.944,0.948,0.951,0.942,3436984,325473021.384,0.96,0.96,0.009,2.52
2025-04-15,0.948,0.949,0.949,0.942,2661079,251591780.564,0.74,0.11,0.001,1.95
2025-04-16,0.949,0.944,0.949,0.935,2739696,257916437.548,1.48,-0.53,-0.005,2.01
2025-04-17,0.942,0.944,0.947,0.94,2472703,233699721.088,0.74,0.00,0.000,1.81
2025-04-18,0.943,0.948,0.95,0.941,2300250,217395254.531,0.95,0.42,0.004,1.69
2025-04-21,0.948,0.954,0.955,0.944,2328451,221263160.394,1.16,0.63,0.006,1.71
2025-04-22,0.953,0.958,0.959,0.952,2171432,207803622.689,0.73,0.42,0.004,1.59
2025-04-23,0.96,0.96,0.963,0.957,2711185,260152896.052,0.63,0.21,0.002,1.99
2025-04-24,0.96,0.96,0.964,0.957,2620451,251712682.73,0.73,0.00,0.000,1.92
2025-04-25,0.96,0.963,0.965,0.958,2414736,232278244.162,0.73,0.31,0.003,1.77
2025-04-28,0.962,0.959,0.963,0.957,1954143,187412602.572,0.62,-0.42,-0.004,1.43
2025-04-29,0.958,0.96,0.962,0.954,3055052,293095067.0,0.83,0.10,0.001,2.24
2025-04-30,0.96,0.957,0.961,0.955,2183956,209298585.16,0.63,-0.31,-0.003,1.60
2025-05-06,0.957,0.968,0.968,0.957,2609776,251326761.203,1.15,1.15,0.011,1.91
2025-05-07,0.975,0.975,0.978,0.969,3423729,332904999.503,0.93,0.72,0.007,2.51
2025-05-08,0.974,0.975,0.976,0.968,3029672,295144796.52,0.82,0.00,0.000,2.22
2025-05-09,0.975,0.971,0.976,0.97,3134040,304890002.313,0.62,-0.41,-0.004,2.30
2025-05-12,0.974,0.981,0.981,0.974,2836213,277293612.722,0.72,1.03,0.010,2.08
2025-05-13,0.986,0.982,0.988,0.981,2621734,257976517.086,0.71,0.10,0.001,1.92
2025-05-14,0.981,0.99,0.991,0.98,3571103,351567720.372,1.12,0.81,0.008,2.62
2025-05-15,0.99,0.982,0.99,0.98,2975474,292898318.575,1.01,-0.81,-0.008,2.18
2025-05-16,0.978,0.979,0.982,0.976,2750577,269317881.662,0.61,-0.31,-0.003,2.02
2025-05-19,0.979,0.984,0.984,0.978,2494646,244740051.01,0.61,0.51,0.005,1.83
2025-05-20,0.985,0.99,0.991,0.983,2760534,272584071.7,0.81,0.61,0.006,2.02
2025-05-21,0.99,0.998,0.998,0.99,2930893,291980724.9,0.81,0.81,0.008,2.15
2025-05-22,0.996,0.994,0.997,0.991,2894046,287741355.901,0.60,-0.40,-0.004,2.12
2025-05-23,0.994,0.989,1.001,0.988,3185946,317193314.643,1.31,-0.50,-0.005,2.34
2025-05-26,0.987,0.989,0.994,0.985,2676989,264832575.29,0.91,0.00,0.000,1.96
2025-05-27,0.99,0.983,0.99,0.98,2499676,245765607.128,1.01,-0.61,-0.006,1.83
2025-05-28,0.984,0.987,0.99,0.983,2529685,249796800.513,0.71,0.41,0.004,1.86
2025-05-29,0.986,0.993,0.994,0.985,2461301,243989675.251,0.91,0.61,0.006,1.81
2025-05-30,0.992,0.989,0.992,0.985,2956135,291973227.021,0.70,-0.40,-0.004,2.17
2025-06-03,0.987,0.986,0.987,0.983,2678495,263759136.257,0.40,-0.30,-0.003,1.96
2025-06-04,0.986,0.989,0.99,0.986,2256363,223011183.07,0.41,0.30,0.003,1.65
2025-06-05,0.988,0.989,0.991,0.986,4724855,466850823.615,0.51,0.00,0.000,3.47
2025-06-06,0.989,0.992,0.994,0.989,2122853,210525758.354,0.51,0.30,0.003,1.56
2025-06-09,0.993,0.999,0.999,0.991,2845185,283405496.997,0.81,0.71,0.007,2.09
2025-06-10,0.999,0.994,1.0,0.987,3551568,353025083.868,1.30,-0.50,-0.005,2.60
2025-06-11,0.994,1.001,1.002,0.994,2582248,258179120.073,0.80,0.70,0.007,1.89
2025-06-12,1.001,1.002,1.003,0.999,2432344,243635439.2,0.40,0.10,0.001,1.78
2025-06-13,1.001,1.0,1.004,0.995,4396097,439094895.746,0.90,-0.20,-0.002,3.22
2025-06-16,0.999,0.996,1.0,0.993,2702348,269148217.079,0.70,-0.40,-0.004,1.98
2025-06-17,0.996,0.995,0.996,0.992,2252611,223900318.712,0.40,-0.10,-0.001,1.65
2025-06-18,0.995,0.994,0.998,0.99,2824059,280556869.312,0.80,-0.10,-0.001,2.07
2025-06-19,0.994,0.982,0.994,0.98,3031510,298644384.405,1.41,-1.21,-0.012,2.22
2025-06-20,0.981,0.985,0.986,0.981,2517351,247659683.535,0.51,0.31,0.003,1.85
2025-06-23,0.983,0.988,0.988,0.981,2752669,271038956.998,0.71,0.30,0.003,2.02
2025-06-24,0.989,0.996,0.997,0.985,2957473,293670336.31,1.21,0.81,0.008,2.17
2025-06-25,0.996,1.001,1.002,0.993,3443114,343198109.595,0.90,0.50,0.005,2.53
2025-06-26,1.001,0.999,1.005,0.998,3010194,301634486.73,0.70,-0.20,-0.002,2.21
2025-06-27,0.999,1.004,1.009,0.999,3764417,378992120.268,1.00,0.50,0.005,2.76
2025-06-30,1.004,1.008,1.008,1.002,2947516,296023412.479,0.60,0.40,0.004,2.16
2025-07-01,1.009,1.01,1.01,1.003,2524527,253999344.436,0.69,0.20,0.002,1.85
2025-07-02,1.01,1.019,1.02,1.01,2713454,275743082.187,0.99,0.89,0.009,1.99
2025-07-03,1.02,1.021,1.022,1.017,2382985,243013744.174,0.49,0.20,0.002,1.75
2025-07-04,1.022,1.025,1.03,1.02,2730271,279726516.601,0.98,0.39,0.004,2.00
2025-07-07,1.024,1.022,1.025,1.021,2466420,252216557.382,0.39,-0.29,-0.003,1.81
2025-07-08,1.021,1.028,1.029,1.021,2658822,272712560.377,0.78,0.59,0.006,1.95
2025-07-09,1.029,1.023,1.03,1.021,2710218,278027967.962,0.88,-0.49,-0.005,1.99
2025-07-10,1.023,1.03,1.032,1.022,2572836,264041574.94,0.98,0.68,0.007,1.89
2025-07-11,1.03,1.033,1.04,1.029,2953327,305843949.808,1.07,0.29,0.003,2.17
2025-07-14,1.033,1.042,1.045,1.033,2844357,296054831.532,1.16,0.87,0.009,2.09
2025-07-15,1.045,1.039,1.046,1.034,2935093,305116915.994,1.15,-0.29,-0.003,2.15
2025-07-16,1.041,1.037,1.042,1.034,2337912,242660935.263,0.77,-0.19,-0.002,1.71
2025-07-17,1.037,1.038,1.04,1.035,2372486,246214572.147,0.48,0.10,0.001,1.74
2025-07-18,1.039,1.044,1.045,1.038,3448394,359096881.321,0.67,0.58,0.006,2.53
2025-07-21,1.045,1.059,1.06,1.045,3021027,318171198.248,1.44,1.44,0.015,2.22
2025-07-22,1.059,1.074,1.074,1.055,3480728,369212805.947,1.79,1.42,0.015,2.55
2025-07-23,1.074,1.067,1.077,1.066,3123610,334985282.939,1.02,-0.65,-0.007,2.29
2025-07-24,1.068,1.074,1.074,1.066,2760220,295450774.577,0.75,0.66,0.007,2.02
2025-07-25,1.072,1.067,1.073,1.065,3017807,322381324.794,0.74,-0.65,-0.007,2.21
2025-07-28,1.064,1.061,1.067,1.059,2799486,297338989.725,0.75,-0.56,-0.006,2.05
2025-07-29,1.062,1.062,1.063,1.056,2661009,281825575.856,0.66,0.09,0.001,1.95
2025-07-30,1.066,1.066,1.072,1.06,3234472,345342000.144,1.13,0.38,0.004,2.37
2025-07-31,1.065,1.044,1.066,1.039,4362838,457387304.209,2.53,-2.06,-0.022,3.20
2025-08-01,1.044,1.046,1.049,1.041,2769281,289553748.764,0.77,0.19,0.002,2.03
2025-08-04,1.045,1.052,1.052,1.04,2471385,258481371.175,1.15,0.57,0.006,1.81
2025-08-05,1.054,1.06,1.062,1.052,2710967,286893750.929,0.95,0.76,0.008,1.99
2025-08-06,1.062,1.064,1.064,1.059,4401451,466961911.502,0.47,0.38,0.004,3.23
2025-08-07,1.066,1.062,1.066,1.055,3172319,336443035.015,1.03,-0.19,-0.002,2.33
2025-08-08,1.061,1.068,1.071,1.058,2750657,293426124.142,1.22,0.56,0.006,2.02
2025-08-11,1.068,1.071,1.073,1.065,3019938,323004767.431,0.75,0.28,0.003,2.21
2025-08-12,1.071,1.077,1.08,1.07,2636309,283827836.387,0.93,0.56,0.006,1.93
2025-08-13,1.078,1.085,1.087,1.077,2807757,304148859.491,0.93,0.74,0.008,2.06
2025-08-14,1.085,1.077,1.089,1.076,3392571,368021217.364,1.20,-0.74,-0.008,2.49
2025-08-15,1.077,1.097,1.099,1.077,3048508,332761023.949,2.04,1.86,0.020,2.24
2025-08-18,1.1,1.093,1.102,1.09,3171664,347215713.475,1.09,-0.36,-0.004,2.33
2025-08-19,1.095,1.087,1.096,1.085,3311855,361035033.803,1.01,-0.55,-0.006,2.43
2025-08-20,1.087,1.109,1.11,1.085,3364616,368882767.97,2.30,2.02,0.022,2.47
2025-08-21,1.11,1.107,1.111,1.103,3212980,355888545.781,0.72,-0.18,-0.002,2.36
2025-08-22,1.109,1.116,1.118,1.101,2981940,329943736.828,1.54,0.81,0.009,2.19
2025-08-25,1.117,1.139,1.139,1.117,3847254,434263299.144,1.97,2.06,0.023,2.82
2025-08-26,1.138,1.135,1.14,1.126,3066107,348141768.033,1.23,-0.35,-0.004,2.25
2025-08-27,1.135,1.114,1.139,1.111,4166038,470107346.013,2.47,-1.85,-0.021,3.06
2025-08-28,1.113,1.119,1.122,1.097,3634214,404208253.33,2.24,0.45,0.005,2.67
2025-08-29,1.118,1.117,1.127,1.115,2730689,306159663.082,1.07,-0.18,-0.002,2.00
2025-09-01,1.118,1.125,1.128,1.115,2844604,319611445.693,1.16,0.72,0.008,2.09
2025-09-02,1.125,1.127,1.134,1.117,2599039,292572598.403,1.51,0.18,0.002,1.91
2025-09-03,1.129,1.118,1.135,1.111,2402213,269554053.148,2.13,-0.80,-0.009,1.76
2025-09-04,1.116,1.098,1.12,1.085,3856536,424401628.642,3.13,-1.79,-0.020,2.83
2025-09-05,1.099,1.115,1.115,1.093,2880844,318628678.055,2.00,1.55,0.017,2.11
2025-09-08,1.115,1.117,1.12,1.11,2754461,307100576.218,0.90,0.18,0.002,2.02
2025-09-09,1.115,1.115,1.122,1.11,2740667,305924747.361,1.07,-0.18,-0.002,2.01
2025-09-10,1.118,1.112,1.118,1.103,2596696,288046048.253,1.35,-0.27,-0.003,1.90
2025-09-11,1.112,1.121,1.122,1.105,2556772,284463990.932,1.53,0.81,0.009,1.88
2025-09-12,1.122,1.125,1.13,1.12,3057197,344314427.713,0.89,0.36,0.004,2.24
2025-09-15,1.124,1.126,1.128,1.121,2711454,304823220.953,0.62,0.09,0.001,1.99
2025-09-16,1.127,1.124,1.131,1.113,2551252,285551995.456,1.60,-0.18,-0.002,1.87
2025-09-17,1.123,1.135,1.135,1.12,2299541,259356844.127,1.33,0.98,0.011,1.69
2025-09-18,1.133,1.12,1.134,1.11,3251743,366411898.696,2.11,-1.32,-0.015,2.38
2025-09-19,1.117,1.119,1.12,1.11,2857167,318491180.36,0.89,-0.09,-0.001,2.10
2025-09-22,1.116,1.111,1.119,1.106,2513031,279018397.339,1.16,-0.71,-0.008,1.84
2025-09-23,1.11,1.107,1.112,1.094,2871221,316382916.152,1.62,-0.36,-0.004,2.11
2025-09-24,1.101,1.106,1.108,1.096,2542779,280216206.691,1.08,-0.09,-0.001,1.86
2025-09-25,1.107,1.109,1.115,1.106,3169340,351803472.112,0.81,0.27,0.003,2.32
2025-09-26,1.105,1.109,1.115,1.105,2904056,322681214.3,0.90,0.00,0.000,2.13
2025-09-29,1.109,1.119,1.121,1.102,2594337,288176872.032,1.71,0.90,0.010,1.90
2025-09-30,1.122,1.127,1.129,1.118,2441619,274330236.324,0.98,0.71,0.008,1.79
2025-10-09,1.137,1.159,1.16,1.131,3333381,382385233.772,2.57,2.84,0.032,2.44
2025-10-10,1.159,1.158,1.17,1.153,2925459,340077769.848,1.47,-0.09,-0.001,2.15
2025-10-13,1.123,1.153,1.153,1.123,3476518,396365207.811,2.59,-0.43,-0.005,2.55
2025-10-14,1.155,1.149,1.166,1.144,3026018,350828771.8,1.91,-0.35,-0.004,2.22
2025-10-15,1.15,1.159,1.16,1.145,2673583,307967461.958,1.31,0.87,0.010,1.96
2025-10-16,1.16,1.152,1.162,1.149,3301657,381729466.4,1.12,-0.60,-0.007,2.42
2025-10-17,1.15,1.134,1.16,1.13,3544847,405489859.965,2.60,-1.56,-0.018,2.60
2025-10-20,1.138,1.138,1.139,1.132,2994079,340130164.633,0.62,0.35,0.004,2.20
2025-10-21,1.14,1.149,1.151,1.137,2687980,308365030.54,1.23,0.97,0.011,1.97
2025-10-22,1.14,1.149,1.152,1.139,2773506,318325686.6,1.13,0.00,0.000,2.03
2025-10-23,1.147,1.16,1.162,1.144,2923244,336569917.641,1.57,0.96,0.011,2.14
2025-10-24,1.165,1.167,1.171,1.158,3072826,357637828.894,1.12,0.60,0.007,2.25
2025-10-27,1.172,1.18,1.181,1.166,2928713,344702729.204,1.29,1.11,0.013,2.15
2025-10-28,1.18,1.171,1.18,1.165,3372862,395731451.3,1.27,-0.76,-0.009,2.47
2025-10-29,1.168,1.184,1.184,1.165,2948824,346122336.248,1.62,1.11,0.013,2.16
2025-10-30,1.182,1.181,1.193,1.177,2800532,332208611.783,1.35,-0.25,-0.003,2.05
2025-10-31,1.181,1.175,1.183,1.173,3198079,376979045.444,0.85,-0.51,-0.006,2.35
2025-11-03,1.178,1.187,1.187,1.169,2903883,341985102.608,1.53,1.02,0.012,2.13
2025-11-04,1.187,1.175,1.187,1.168,3234416,381312019.8,1.60,-1.01,-0.012,2.37
2025-11-05,1.165,1.179,1.182,1.158,3298035,386104726.597,2.04,0.34,0.004,2.42
2025-11-06,1.178,1.207,1.208,1.178,3563853,427364341.789,2.54,2.37,0.028,2.61
2025-11-07,1.205,1.211,1.213,1.201,3494065,422253784.6,0.99,0.33,0.004,2.56
2025-11-10,1.212,1.224,1.225,1.209,3472105,422959194.663,1.32,1.07,0.013,2.55
2025-11-11,1.227,1.218,1.227,1.212,4231717,515493580.764,1.23,-0.49,-0.006,3.10
2025-11-12,1.219,1.222,1.227,1.212,4782502,582842884.3,1.23,0.33,0.004,3.51
2025-11-13,1.222,1.231,1.231,1.216,3900913,477409650.62,1.23,0.74,0.009,2.86
2025-11-14,1.23,1.22,1.23,1.218,4101665,501995576.0,0.97,-0.89,-0.011,3.01
2025-11-17,1.215,1.207,1.217,1.202,4344069,525299289.606,1.23,-1.07,-0.013,3.19
2025-11-18,1.205,1.186,1.205,1.179,5427922,644896019.4,2.15,-1.74,-0.021,3.98
2025-11-19,1.184,1.191,1.195,1.183,4086751,485562132.34,1.01,0.42,0.005,3.00
2025-11-20,1.194,1.181,1.196,1.179,3827853,454966446.6,1.43,-0.84,-0.010,2.81
2025-11-21,1.175,1.152,1.176,1.15,4887608,568108153.012,2.20,-2.46,-0.029,3.58
2025-11-24,1.153,1.149,1.159,1.142,3586592,412552715.036,1.48,-0.26,-0.003,2.63
2025-11-25,1.155,1.161,1.164,1.151,3317090,384349889.404,1.13,1.04,0.012,2.43
2025-11-26,1.162,1.162,1.165,1.159,3209146,372846509.009,0.52,0.09,0.001,2.35
2025-11-27,1.161,1.159,1.167,1.159,3594713,418280252.759,0.69,-0.26,-0.003,2.64
2025-11-28,1.16,1.166,1.168,1.154,4112632,478621189.548,1.21,0.60,0.007,3.02
2025-12-01,1.173,1.186,1.186,1.173,3080028,364083364.891,1.11,1.72,0.020,2.26
2025-12-02,1.185,1.184,1.185,1.179,2848774,336776773.0,0.51,-0.17,-0.002,2.09
2025-12-03,1.18,1.19,1.195,1.18,3164746,375924215.257,1.27,0.51,0.006,2.32
2025-12-04,1.194,1.189,1.198,1.188,2839418,338255868.134,0.84,-0.08,-0.001,2.08
2025-12-05,1.189,1.206,1.208,1.189,4116060,493602178.072,1.60,1.43,0.017,3.02
2025-12-08,1.206,1.202,1.207,1.19,3512764,420906442.606,1.41,-0.33,-0.004,2.58
2025-12-09,1.2,1.18,1.2,1.175,4024418,476751014.374,2.08,-1.83,-0.022,2.95
2025-12-10,1.179,1.183,1.184,1.175,3171479,374118777.108,0.76,0.25,0.003,2.33
2025-12-11,1.186,1.174,1.192,1.172,2803341,331435546.3,1.69,-0.76,-0.009,2.06
2025-12-12,1.179,1.185,1.187,1.176,2702565,319517201.562,0.94,0.94,0.011,1.98
2025-12-15,1.183,1.184,1.191,1.18,3165223,375588239.989,0.93,-0.08,-0.001,2.32
2025-12-16,1.183,1.172,1.184,1.168,3770229,441861924.268,1.35,-1.01,-0.012,2.77
2025-12-17,1.171,1.185,1.187,1.169,3935512,463606203.349,1.54,1.11,0.013,2.89
2025-12-18,1.182,1.185,1.188,1.177,3041805,360395072.36,0.93,0.00,0.000,2.23
2025-12-19,1.189,1.196,1.198,1.184,2677819,319266230.988,1.18,0.93,0.011,1.96
2025-12-22,1.198,1.198,1.201,1.195,3515859,421203777.976,0.50,0.17,0.002,2.58
2025-12-23,1.198,1.195,1.201,1.192,2956628,353411805.536,0.75,-0.25,-0.003,2.17
2025-12-24,1.195,1.202,1.202,1.19,3550805,425286768.7,1.00,0.59,0.007,2.60
2025-12-25,1.201,1.2,1.202,1.195,2177407,261111376.686,0.58,-0.17,-0.002,1.60
2025-12-26,1.199,1.209,1.212,1.198,3507564,423380511.8,1.17,0.75,0.009,2.57
2025-12-29,1.209,1.207,1.215,1.203,2977303,360110761.411,0.99,-0.17,-0.002,2.18
2025-12-30,1.204,1.213,1.218,1.198,3360438,406660017.4,1.66,0.50,0.006,2.46
2025-12-31,1.211,1.215,1.219,1.211,2972774,361332994.8,0.66,0.16,0.002,2.18
2026-01-05,1.222,1.224,1.225,1.216,4746631,579833300.904,0.74,0.74,0.009,3.48
2026-01-06,1.223,1.244,1.244,1.223,4918260,607762203.236,1.72,1.63,0.020,3.61
2026-01-07,1.242,1.237,1.245,1.233,3856419,477953252.101,0.96,-0.56,-0.007,2.83
2026-01-08,1.233,1.235,1.24,1.229,3037191,375181130.63,0.89,-0.16,-0.002,2.23
2026-01-09,1.234,1.245,1.247,1.233,3216397,399566808.68,1.13,0.81,0.010,2.36
2026-01-12,1.247,1.25,1.251,1.243,3396351,423610108.044,0.64,0.40,0.005,2.49
2026-01-13,1.25,1.258,1.266,1.249,3402729,428155002.766,1.36,0.64,0.008,2.50
2026-01-14,1.258,1.254,1.272,1.247,4559420,575353930.616,1.99,-0.32,-0.004,3.34
2026-01-15,1.247,1.255,1.265,1.246,3634346,456829151.194,1.52,0.08,0.001,2.67
2026-01-16,1.257,1.251,1.268,1.246,3893185,490050650.8,1.75,-0.32,-0.004,2.86
2026-01-19,1.246,1.271,1.271,1.246,3451731,435704376.28,2.00,1.60,0.020,2.53
2026-01-20,1.272,1.282,1.282,1.261,3572530,454420726.1,1.65,0.87,0.011,2.62
2026-01-21,1.281,1.286,1.289,1.273,3623776,464142457.4,1.25,0.31,0.004,2.66
2026-01-22,1.289,1.303,1.304,1.286,7607259,988292911.5,1.40,1.32,0.017,5.58
2026-01-23,1.306,1.312,1.314,1.304,5630604,737237085.2,0.77,0.69,0.009,4.13
2026-01-26,1.314,1.323,1.331,1.313,5195665,686400179.095,1.37,0.84,0.011,3.81
2026-01-27,1.32,1.31,1.323,1.302,5081053,666357329.064,1.59,-0.98,-0.013,3.73
2026-01-28,1.312,1.348,1.35,1.311,3949698,526740329.703,2.98,2.90,0.038,2.90
2026-01-29,1.349,1.362,1.362,1.33,5161114,693495680.8,2.37,1.04,0.014,3.79
2026-01-30,1.348,1.327,1.349,1.304,6408138,849995859.204,3.30,-2.57,-0.035,4.70
2026-02-02,1.298,1.258,1.306,1.255,6951842,890906496.73,3.84,-5.20,-0.069,5.10
2026-02-03,1.276,1.294,1.296,1.269,4775957,612035216.9,2.15,2.86,0.036,3.50
2026-02-04,1.295,1.317,1.317,1.294,6070639,793085822.532,1.78,1.78,0.023,4.45
2026-02-05,1.314,1.299,1.314,1.288,5593188,726959939.8,1.97,-1.37,-0.018,4.10
2026-02-06,1.272,1.295,1.304,1.272,4701398,607326757.584,2.46,-0.31,-0.004,3.45
2026-02-09,1.304,1.314,1.314,1.303,3216678,421243946.2,0.85,1.47,0.019,2.36
2026-02-10,1.314,1.315,1.316,1.307,3248340,426167642.5,0.68,0.08,0.001,2.38
2026-02-11,1.313,1.324,1.328,1.311,4027259,532983863.49,1.29,0.68,0.009,2.95
2026-02-12,1.326,1.329,1.335,1.318,3775064,501106877.248,1.28,0.38,0.005,2.77
2026-02-13,1.32,1.305,1.324,1.302,5252642,688215478.8,1.66,-1.81,-0.024,3.85
2026-02-24,1.319,1.345,1.345,1.316,5335242,712085389.769,2.22,3.07,0.040,3.91
2026-02-25,1.347,1.354,1.37,1.345,4307034,584789503.063,1.86,0.67,0.009,3.16
2026-02-26,1.352,1.359,1.36,1.347,3824779,518607851.2,0.96,0.37,0.005,2.81
2026-02-27,1.351,1.365,1.368,1.35,4675766,636449255.9,1.32,0.44,0.006,3.43
2026-03-02,1.375,1.398,1.399,1.365,8297127,1147276018.412,2.49,2.42,0.033,6.09
2026-03-03,1.398,1.386,1.406,1.379,8920153,1241969549.943,1.93,-0.86,-0.012,6.54
2026-03-04,1.37,1.372,1.378,1.353,6376128,871507380.812,1.80,-1.01,-0.014,4.68
2026-03-05,1.383,1.386,1.395,1.375,4820920,666991830.123,1.46,1.02,0.014,3.54
2026-03-06,1.38,1.391,1.392,1.369,4474785,618606130.929,1.66,0.36,0.005,3.28
2026-03-09,1.397,1.391,1.402,1.377,6172488,858753149.41,1.80,0.00,0.000,4.53
2026-03-10,1.381,1.389,1.391,1.375,4352319,602055660.9,1.15,-0.14,-0.002,3.19
2026-03-11,1.388,1.401,1.403,1.38,6737599,939278306.821,1.66,0.86,0.012,4.94
2026-03-12,1.404,1.407,1.413,1.394,5888168,825978362.583,1.36,0.43,0.006,4.32
2026-03-13,1.407,1.393,1.417,1.389,7490901,1052032738.1,1.99,-1.00,-0.014,5.49
2026-03-16,1.39,1.373,1.396,1.366,7154914,987124387.334,2.15,-1.44,-0.020,5.25
2026-03-17,1.371,1.361,1.384,1.358,7018991,962209446.659,1.89,-0.87,-0.012,5.15
2026-03-18,1.359,1.353,1.361,1.336,6706504,904058973.452,1.84,-0.59,-0.008,4.92
2026-03-19,1.347,1.328,1.351,1.323,6648271,887329444.467,2.07,-1.85,-0.025,4.88
2026-03-20,1.322,1.314,1.337,1.313,5995826,793872379.149,1.81,-1.05,-0.014,4.40
2026-03-23,1.298,1.275,1.307,1.27,7551308,972787967.055,2.82,-2.97,-0.039,5.54
2026-03-24,1.287,1.3,1.302,1.272,7169683,922928697.187,2.35,1.96,0.025,5.26
2026-03-25,1.307,1.318,1.318,1.3,9249945,1213610661.283,1.38,1.38,0.018,6.78
2026-03-26,1.316,1.306,1.322,1.301,4920967,645543951.947,1.59,-0.91,-0.012,3.61
2026-03-27,1.294,1.312,1.314,1.292,4002734,522522176.876,1.68,0.46,0.006,2.94
2026-03-30,1.305,1.316,1.318,1.3,3338155,437168202.92,1.37,0.30,0.004,2.45
2026-03-31,1.316,1.306,1.327,1.305,5520226,724637497.855,1.67,-0.76,-0.010,4.05
2026-04-01,1.323,1.316,1.325,1.308,6124898,805674410.51,1.30,0.77,0.010,4.49
2026-04-02,1.316,1.308,1.317,1.301,3818944,499785190.145,1.22,-0.61,-0.008,2.80
2026-04-03,1.31,1.291,1.311,1.289,3591490,465666150.952,1.68,-1.30,-0.017,2.63
2026-04-07,1.291,1.298,1.298,1.286,2329920,301281502.4,0.93,0.54,0.007,1.71
2026-04-08,1.312,1.322,1.322,1.3,7668984,1006562290.629,1.69,1.85,0.024,5.62
2026-04-09,1.313,1.319,1.32,1.31,3454167,454759284.361,0.76,-0.23,-0.003,2.53
2026-04-10,1.32,1.328,1.335,1.32,3662355,486703052.975,1.14,0.68,0.009,2.69
2026-04-13,1.323,1.32,1.324,1.313,4533240,597433899.0,0.83,-0.60,-0.008,3.32
2026-04-14,1.325,1.319,1.327,1.309,5647902,742925946.338,1.36,-0.08,-0.001,4.14
2026-04-15,1.319,1.311,1.322,1.309,5483495,721356915.865,0.99,-0.61,-0.008,4.02
2026-04-16,1.311,1.323,1.324,1.311,4451259,586270037.02,0.99,0.92,0.012,3.26
2026-04-17,1.321,1.312,1.323,1.31,4164701,547097137.533,0.98,-0.83,-0.011,3.05
2026-04-20,1.307,1.306,1.313,1.305,4417072,577862491.0,0.61,-0.46,-0.006,3.24
2026-04-21,1.308,1.309,1.31,1.301,3290092,429613831.3,0.69,0.23,0.003,2.41
2026-04-22,1.307,1.307,1.307,1.3,2744559,358049951.752,0.53,-0.15,-0.002,2.01
2026-04-23,1.307,1.308,1.314,1.301,3241964,423230303.076,0.99,0.08,0.001,2.38
2026-04-24,1.305,1.298,1.306,1.293,3134212,407002336.386,0.99,-0.76,-0.010,2.30
2026-04-27,1.295,1.298,1.303,1.295,2713007,352526554.2,0.62,0.00,0.000,1.99
2026-04-28,1.298,1.305,1.306,1.294,2681059,348493343.3,0.92,0.54,0.007,1.97
2026-04-29,1.305,1.326,1.33,1.304,4667194,616329680.94,1.99,1.61,0.021,3.42
2026-04-30,1.327,1.318,1.331,1.315,3981159,525730679.471,1.21,-0.60,-0.008,2.92
2026-05-06,1.318,1.324,1.325,1.315,4173495,550603608.568,0.76,0.46,0.006,3.06
2026-05-07,1.322,1.313,1.324,1.307,4125702,541376253.329,1.28,-0.83,-0.011,3.03
2026-05-08,1.311,1.307,1.313,1.302,2817496,368165742.4,0.84,-0.46,-0.006,2.07
2026-05-11,1.307,1.314,1.315,1.306,3942147,516805356.02,0.69,0.54,0.007,2.89
2026-05-12,1.314,1.304,1.315,1.302,3762983,491811483.596,0.99,-0.76,-0.010,2.76
2026-05-13,1.303,1.311,1.312,1.301,2605989,340842332.836,0.84,0.54,0.007,1.91
2026-05-14,1.31,1.296,1.313,1.295,4571189,595607908.841,1.37,-1.14,-0.015,3.35
2026-05-15,1.296,1.279,1.296,1.273,4933086,632531685.089,1.77,-1.31,-0.017,3.62
2026-05-18,1.272,1.26,1.275,1.254,10197800,1284853673.547,1.64,-1.49,-0.019,7.48
2026-05-19,1.258,1.261,1.263,1.251,3140160,395000851.559,0.95,0.08,0.001,2.30
2026-05-20,1.258,1.255,1.261,1.249,3140025,393942426.11,0.95,-0.48,-0.006,2.30
2026-05-21,1.254,1.232,1.261,1.23,3191966,398489830.616,2.47,-1.83,-0.023,2.34
2026-05-22,1.231,1.236,1.24,1.225,3106598,382641076.605,1.22,0.32,0.004,2.28
2026-05-25,1.235,1.228,1.238,1.223,4153769,510882535.883,1.21,-0.65,-0.008,3.05
2026-05-26,1.227,1.241,1.241,1.22,3274304,402848906.599,1.71,1.06,0.013,2.40
2026-05-27,1.24,1.22,1.241,1.215,3154578,385782530.128,2.10,-1.69,-0.021,2.31
2026-05-28,1.215,1.213,1.222,1.205,2565549,310992541.137,1.39,-0.57,-0.007,1.88
2026-05-29,1.211,1.222,1.229,1.211,2685052,327844659.195,1.48,0.74,0.009,1.97
2026-06-01,1.221,1.229,1.232,1.216,3185306,390539653.692,1.31,0.57,0.007,2.34
2026-06-02,1.229,1.227,1.23,1.217,2480265,303410449.174,1.06,-0.16,-0.002,1.82
2026-06-03,1.227,1.222,1.228,1.214,2871686,349972556.274,1.14,-0.41,-0.005,2.11
2026-06-04,1.219,1.203,1.219,1.197,3214774,387400340.47,1.80,-1.55,-0.019,2.36
2026-06-05,1.2,1.193,1.209,1.191,2710554,325234706.572,1.50,-0.83,-0.010,1.99
2026-06-08,1.182,1.172,1.188,1.165,3735899,439249606.692,1.93,-1.76,-0.021,2.74
2026-06-09,1.173,1.171,1.176,1.162,2461092,287508497.316,1.19,-0.09,-0.001,1.81
2026-06-10,1.169,1.157,1.17,1.152,4269461,494104520.594,1.54,-1.20,-0.014,3.13
2026-06-11,1.157,1.162,1.163,1.151,3354614,388417269.245,1.04,0.43,0.005,2.46
2026-06-12,1.167,1.178,1.19,1.162,2489207,292787038.504,2.41,1.38,0.016,1.83
2026-06-15,1.187,1.17,1.187,1.162,3271618,383191211.277,2.12,-0.68,-0.008,2.40
2026-06-16,1.166,1.145,1.169,1.143,4252453,488527799.016,2.22,-2.14,-0.025,3.12
2026-06-17,1.142,1.141,1.146,1.133,5726638,652077796.142,1.14,-0.35,-0.004,4.20
2026-06-18,1.136,1.126,1.14,1.119,3491863,394173010.525,1.84,-1.31,-0.015,2.56
2026-06-22,1.126,1.138,1.141,1.116,3619733,408027911.736,2.22,1.07,0.012,2.65
2026-06-23,1.135,1.111,1.142,1.109,3409007,383854013.908,2.90,-2.37,-0.027,2.50
2026-06-24,1.113,1.097,1.114,1.095,4500766,495581829.1,1.71,-1.26,-0.014,3.30
2026-06-25,1.09,1.086,1.102,1.085,3654672,398738546.492,1.55,-1.00,-0.011,2.68
2026-06-26,1.087,1.062,1.09,1.061,3823874,409398125.687,2.67,-2.21,-0.024,2.80
2026-06-29,1.06,1.071,1.074,1.044,5281129,562505164.578,2.82,0.85,0.009,3.87
2026-06-30,1.069,1.061,1.071,1.055,2438115,258435512.671,1.49,-0.93,-0.010,1.79
2026-07-01,1.059,1.081,1.085,1.058,3023743,324397234.791,2.54,1.89,0.020,2.22
2026-07-02,1.082,1.077,1.084,1.072,3362248,362679401.395,1.11,-0.37,-0.004,2.47
2026-07-03,1.082,1.098,1.099,1.081,4416475,482797237.1,1.67,1.95,0.021,3.24
2026-07-06,1.099,1.113,1.115,1.095,8370959,928012954.0,1.82,1.37,0.015,6.14
2026-07-07,1.114,1.093,1.115,1.089,5065847,556282378.8,2.34,-1.80,-0.020,3.72
2026-07-08,1.092,1.09,1.098,1.084,2792102,304360080.88,1.28,-0.27,-0.003,2.05
2026-07-09,1.089,1.078,1.089,1.07,2907098,313452716.595,1.74,-1.10,-0.012,2.13
2026-07-10,1.078,1.093,1.104,1.073,2967284,324204880.309,2.88,1.39,0.015,2.18
2026-07-13,1.094,1.084,1.094,1.077,2610661,283058912.9,1.56,-0.82,-0.009,1.91
2026-07-14,1.085,1.113,1.113,1.085,3076591,338186059.117,2.58,2.68,0.029,2.26
2026-07-15,1.113,1.131,1.131,1.103,4980993,559870196.5,2.52,1.62,0.018,3.65
2026-07-16,1.126,1.116,1.131,1.114,5672454,635721154.066,1.50,-1.33,-0.015,4.16
2026-07-17,1.118,1.11,1.123,1.1,7001724,778956759.296,2.06,-0.54,-0.006,5.14
2026-07-20,1.112,1.154,1.155,1.112,5956159,678875963.71,3.87,3.96,0.044,4.37
2026-07-21,1.155,1.145,1.158,1.139,5573240,639479234.5,1.65,-0.78,-0.009,4.09
2026-07-22,1.144,1.154,1.155,1.135,4086983,468825193.788,1.75,0.79,0.009,3.00
2026-07-23,1.151,1.171,1.172,1.149,4834749,563310584.302,1.99,1.47,0.017,3.55
2026-07-24,1.17,1.146,1.17,1.145,4462129,516208438.3,2.13,-2.13,-0.025,3.27
2026-07-27,1.148,1.154,1.155,1.141,3089225,354825809.2,1.22,0.70,0.008,2.27
2026-07-28,1.146,1.156,1.157,1.14,3105685,356576366.43,1.47,0.17,0.002,2.28
2026-07-29,1.158,1.173,1.178,1.155,3113191,364317767.796,1.99,1.47,0.017,2.28
2026-07-30,1.174,1.187,1.19,1.17,4676375,553437360.086,1.71,1.19,0.014,3.43
2026-07-31,1.169,1.187,1.188,1.165,4240166,500051593.092,1.94,0.00,0.000,3.11
2026-08-03,1.184,1.185,1.191,1.18,2959501,350885251.587,0.93,-0.17,-0.002,2.17
2026-08-04,1.184,1.169,1.187,1.168,4134302,484913549.5,1.60,-1.35,-0.016,3.03
2026-08-05,1.165,1.166,1.171,1.157,4456904,519576907.4,1.20,-0.26,-0.003,3.27
2026-08-06,1.169,1.166,1.173,1.155,4811846,559546785.7,1.54,0.00,0.000,3.53
2026-08-07,1.165,1.165,1.169,1.159,5113116,595752156.371,0.86,-0.09,-0.001,3.75
2026-08-10,1.166,1.185,1.188,1.166,3912513,462359631.897,1.89,1.72,0.020,2.87
2026-08-11,1.189,1.187,1.199,1.185,2574515,306674153.631,1.18,0.17,0.002,1.89
2026-08-12,1.184,1.186,1.19,1.181,1915512,227296579.722,0.76,-0.08,-0.001,1.40
2026-08-13,1.181,1.172,1.185,1.172,3104919,365461399.679,1.10,-1.18,-0.014,2.28
2026-08-14,1.168,1.17,1.175,1.165,1574391,184258077.894,0.85,-0.17,-0.002,1.15
2026-08-17,1.17,1.182,1.184,1.167,1890546,222405279.426,1.45,1.03,0.012,1.39
2026-08-18,1.18,1.185,1.19,1.18,2487336,294617600.243,0.85,0.25,0.003,1.82
2026-08-19,1.183,1.175,1.184,1.172,2469558,290910371.836,1.01,-0.84,-0.010,1.81
2026-08-20,1.177,1.184,1.192,1.176,1743603,206512970.1,1.36,0.77,0.009,1.28
2026-08-21,1.181,1.179,1.185,1.177,1221386,144222609.5,0.68,-0.42,-0.005,0.90
2026-08-24,1.176,1.179,1.188,1.175,2329510,275045131.7,1.10,0.00,0.000,1.71
2026-08-25,1.178,1.184,1.184,1.177,1732987,204685750.1,0.59,0.42,0.005,1.27
2026-08-26,1.181,1.186,1.189,1.176,1396594,165535626.304,1.10,0.17,0.002,1.02
2026-08-27,1.184,1.186,1.188,1.176,1735946,205210825.062,1.01,0.00,0.000,1.27
2026-08-28,1.185,1.197,1.199,1.18,2543193,303197035.865,1.60,0.93,0.011,1.87
2026-08-31,1.198,1.195,1.199,1.184,1941797,231336235.1,1.25,-0.17,-0.002,1.42
2026-09-01,1.193,1.193,1.207,1.193,2909002,349532763.092,1.17,-0.17,-0.002,2.13
2026-09-02,1.198,1.176,1.2,1.176,3620657,427734451.55,2.01,-1.42,-0.017,2.66
2026-09-03,1.174,1.177,1.189,1.173,4689419,554538579.562,1.36,0.09,0.001,3.44
2026-09-04,1.18,1.187,1.194,1.179,1974632,234609742.91,1.27,0.85,0.010,1.45
